{"cameraMode":{"drawMode":0,"name":"Shaded","section":"Shading Mode"},"sceneLighting":true,"audioPlay":false,"sceneViewState":{"m_AlwaysRefresh":false,"showFog":true,"showSkybox":true,"showFlares":true,"showImageEffects":true,"showParticleSystems":true,"showVisualEffectGraphs":true,"m_FxEnabled":true},"in2DMode":false,"pivot":{"x":-3.1932153701782228,"y":1.9883369207382203,"z":-1.531103491783142},"rotation":{"x":0.17878954112529756,"y":0.36491015553474429,"z":-0.07168823480606079,"w":0.9110584259033203},"size":1.1881381273269654,"orthographic":false}